feature,importance_mean,importance_std,indicator,dimension,dimension_code,global_weight,importance_normalized,importance_rank
sustainable_material_count,0.08637039072105543,0.0021866110006013733,Sustainable Material Adoption,Environmental,E,0.2662382465260422,0.4327052639545848,1
governance_keyword_count,0.039331710939471666,0.0011653903782377483,Transparency Responsibility,Governance,G,0.07770342065179558,0.19704713874474353,2
counterfeit_complaint_count,0.020178114602204457,0.0010103738468447722,Business Integrity,Governance,G,0.15540684130359114,0.10108992598228746,3
product_quality_complaint_count,0.01620176689617906,0.0005132685575284384,Product Quality Responsibility,Social,S,0.07832014026242659,0.08116890247704725,4
eco_label_count,0.012829370194534891,4.006172263299091e-18,Eco Label Adoption,Environmental,E,0.14651655348371057,0.06427360082607562,5
customer_service_complaint_count,0.01050432639674881,0.0005083367050787209,Customer Relationship Management,Governance,G,0.0777034206517956,0.052625411188075774,6
product_safety_complaint_count,0.009649206449911182,0.00010510661539547815,Product Safety Responsibility,Social,S,0.07832014026242658,0.048341363157029825,7
product_damage_complaint_count,0.0045407066038696655,0.00017514430214679336,Product Durability,Social,S,0.039160070131213275,0.02274839367015591,8
environmental_keyword_count,0.0,0.0,Environmental Commitment,Environmental,E,0.08063116672699852,0.0,9
