seller_name,sustainable_material_count,eco_label_count,environmental_keyword_count,product_quality_complaint_count,product_damage_complaint_count,product_safety_complaint_count,customer_service_complaint_count,counterfeit_complaint_count,governance_keyword_count,E_score,S_score,G_score,ESG_reference_score,ESG_level,ESG_rank
QINSEN,1.0,0.0,1.0,1.0,1.0,1.0,1.0,1.0,0.75,0.7030386687875027,1.0,0.9375,0.8340575913533405,Excellent,1
CHOUYATOU,1.0,0.0,1.0,1.0,1.0,1.0,1.0,1.0,0.6,0.7030386687875027,1.0,0.9,0.8224020782555711,Excellent,2
HOEREV®,1.0,0.0,1.0,1.0,1.0,1.0,1.0,1.0,0.6,0.7030386687875027,1.0,0.9,0.8224020782555711,Excellent,2
Reputable Distributors,0.6666666666666666,0.0,1.0,1.0,1.0,1.0,1.0,1.0,0.9,0.5231671520471444,1.0,0.975,0.7569670222757623,Good,3
Kingsted,0.6666666666666666,0.0,1.0,1.0,1.0,1.0,1.0,1.0,0.8,0.5231671520471444,1.0,0.95,0.7491966802105827,Good,4
KUNMI,0.6666666666666666,0.0,1.0,1.0,1.0,1.0,1.0,1.0,0.8,0.5231671520471444,1.0,0.95,0.7491966802105827,Good,4
AMASALES20,0.3333333333333333,1.0,1.0,1.0,1.0,1.0,1.0,1.0,0.0,0.6402569665192834,1.0,0.75,0.7448044149975095,Good,5
Aulemen,1.0,0.0,1.0,1.0,0.0,1.0,1.0,1.0,0.0,0.7030386687875027,0.8,0.75,0.7366199557332804,Good,6
FANQIUS,0.6666666666666666,0.0,1.0,0.5,0.8,1.0,1.0,1.0,0.9,0.5231671520471444,0.76,0.975,0.7099749381183065,Good,7
ELETOP-US,0.6666666666666666,0.0,1.0,1.0,1.0,1.0,1.0,1.0,0.0,0.5231671520471444,1.0,0.75,0.6870339436891464,Good,8
EverValue Emporium,0.6666666666666666,0.0,1.0,1.0,1.0,1.0,1.0,1.0,0.0,0.5231671520471444,1.0,0.75,0.6870339436891464,Good,8
JosFaith,0.6666666666666666,0.0,1.0,1.0,1.0,1.0,1.0,1.0,0.0,0.5231671520471444,1.0,0.75,0.6870339436891464,Good,8
Avanova,0.6666666666666666,0.0,1.0,1.0,1.0,1.0,1.0,1.0,0.0,0.5231671520471444,1.0,0.75,0.6870339436891464,Good,8
EKLENTSON,0.6666666666666666,0.0,1.0,1.0,1.0,1.0,1.0,1.0,0.0,0.5231671520471444,1.0,0.75,0.6870339436891464,Good,8
YUCHENGFU,0.6666666666666666,0.0,1.0,1.0,1.0,1.0,1.0,1.0,0.0,0.5231671520471444,1.0,0.75,0.6870339436891464,Good,8
Cupshe Apparel,0.6666666666666666,0.0,1.0,1.0,1.0,1.0,1.0,1.0,0.0,0.5231671520471444,1.0,0.75,0.6870339436891464,Good,8
Nankean,0.6666666666666666,0.0,1.0,1.0,1.0,1.0,1.0,1.0,0.0,0.5231671520471444,1.0,0.75,0.6870339436891464,Good,8
crazm,0.6666666666666666,0.0,1.0,1.0,1.0,1.0,1.0,1.0,0.0,0.5231671520471444,1.0,0.75,0.6870339436891464,Good,8
ABAFIP Store,0.6666666666666666,0.0,1.0,1.0,1.0,1.0,1.0,1.0,0.0,0.5231671520471444,1.0,0.75,0.6870339436891464,Good,8
PURE CHAMP,0.6666666666666666,0.0,1.0,1.0,1.0,1.0,1.0,1.0,0.0,0.5231671520471444,1.0,0.75,0.6870339436891464,Good,8
Micoson,0.6666666666666666,0.0,1.0,1.0,1.0,1.0,1.0,1.0,0.0,0.5231671520471444,1.0,0.75,0.6870339436891464,Good,8
JMIERR,0.6,0.0,1.0,1.0,1.0,1.0,1.0,1.0,0.14,0.48719284869907276,1.0,0.785,0.6801632061453283,Good,9
HONCAN,0.3333333333333333,0.0,1.0,1.0,1.0,1.0,1.0,1.0,1.0,0.3432956353067862,1.0,1.0,0.6759912821655947,Good,10
C8N,0.3333333333333333,0.0,1.0,1.0,1.0,1.0,1.0,1.0,1.0,0.3432956353067862,1.0,1.0,0.6759912821655947,Good,10
NY Sleepwear,0.3333333333333333,0.0,1.0,1.0,1.0,1.0,1.0,1.0,1.0,0.3432956353067862,1.0,1.0,0.6759912821655947,Good,10
TopBrands1,0.3333333333333333,0.0,1.0,1.0,1.0,1.0,1.0,1.0,1.0,0.3432956353067862,1.0,1.0,0.6759912821655947,Good,10
TheLionGroup,0.3333333333333333,0.0,1.0,1.0,1.0,1.0,1.0,1.0,1.0,0.3432956353067862,1.0,1.0,0.6759912821655947,Good,10
DealsN'more,0.3333333333333333,0.0,1.0,1.0,1.0,1.0,1.0,1.0,0.9,0.3432956353067862,1.0,0.975,0.6682209401004151,Good,11
TIRANGER C,0.3333333333333333,0.0,1.0,1.0,1.0,1.0,1.0,1.0,0.9,0.3432956353067862,1.0,0.975,0.6682209401004151,Good,11
"PS Traders, LLC",0.3333333333333333,0.0,1.0,1.0,1.0,1.0,1.0,1.0,0.9,0.3432956353067862,1.0,0.975,0.6682209401004151,Good,11
101Dealz,0.5555555555555556,0.0,1.0,1.0,0.9333333333333333,0.666666666666667,1.0,1.0,0.5,0.4632099798003584,0.8533333333333335,0.875,0.6675862418603721,Good,12
Pair of Thieves ...,0.3333333333333333,0.0,1.0,1.0,1.0,1.0,1.0,1.0,0.85,0.3432956353067862,1.0,0.9625,0.6643357690678253,Good,13
SECOOD,0.6666666666666666,0.0,1.0,1.0,0.33333333333333337,1.0,1.0,1.0,0.0,0.5231671520471444,0.8666666666666667,0.75,0.6609272302683376,Good,14
Price Point Leader,0.3333333333333333,0.0,1.0,1.0,1.0,1.0,1.0,1.0,0.8,0.3432956353067862,1.0,0.95,0.6604505980352355,Good,15
Fashion cravings,0.3333333333333333,0.0,1.0,1.0,1.0,1.0,1.0,1.0,0.8,0.3432956353067862,1.0,0.95,0.6604505980352355,Good,15
Purefly Brand Store,0.3333333333333333,0.0,1.0,1.0,1.0,1.0,1.0,1.0,0.8,0.3432956353067862,1.0,0.95,0.6604505980352355,Good,15
Obtaom shoes,0.3333333333333333,0.0,1.0,1.0,1.0,1.0,1.0,1.0,0.75,0.3432956353067862,1.0,0.9375,0.6565654270026458,Good,16
PARISDIARY,0.3333333333333333,0.0,1.0,1.0,1.0,1.0,1.0,1.0,0.7,0.3432956353067862,1.0,0.925,0.652680255970056,Good,17
ZACS Direct,0.6666666666666666,0.0,1.0,0.5454545454545455,1.0,1.0,1.0,1.0,0.0,0.5231671520471444,0.8181818181818181,0.75,0.651433879933498,Good,18
AOMONISTORE,0.3333333333333333,0.0,1.0,1.0,1.0,1.0,1.0,1.0,0.6,0.3432956353067862,1.0,0.9,0.6449099139048764,Moderate,19
Atlantic Coast Promotional,0.3333333333333333,0.0,1.0,1.0,1.0,1.0,1.0,1.0,0.6,0.3432956353067862,1.0,0.9,0.6449099139048764,Moderate,19
HILEELANG Kids Fashion,0.3333333333333333,0.0,1.0,1.0,1.0,1.0,1.0,1.0,0.6,0.3432956353067862,1.0,0.9,0.6449099139048764,Moderate,19
Rugged Outfitters,0.3333333333333333,0.0,1.0,1.0,1.0,1.0,1.0,1.0,0.5333333333333333,0.3432956353067862,1.0,0.8833333333333333,0.6397296858614234,Moderate,20
Alimens & Gentle,0.42156862745098034,0.0,1.0,1.0,1.0,1.0,1.0,1.0,0.22058823529411764,0.39090868385570454,1.0,0.8051470588235294,0.6389199319392871,Moderate,21
True Classic,0.6666666666666666,0.0,1.0,1.0,1.0,1.0,0.0,1.0,0.36363636363636365,0.5231671520471444,1.0,0.5909090909090908,0.6375863123652764,Moderate,22
Artisanates,0.3333333333333333,0.0,1.0,1.0,1.0,1.0,1.0,1.0,0.5,0.3432956353067862,1.0,0.875,0.6371395718396968,Moderate,23
COOFANDY Online,0.39999999999999997,0.0,1.0,1.0,0.92,1.0,1.0,1.0,0.26,0.3792699386548578,0.984,0.815,0.6331071617078383,Moderate,24
Angyun,0.3333333333333333,0.0,1.0,1.0,1.0,1.0,1.0,1.0,0.33333333333333337,0.3432956353067862,1.0,0.8333333333333334,0.6241890017310643,Moderate,25
UNDERWEAR BASICS,0.3333333333333333,0.0,1.0,0.5,1.0,1.0,1.0,1.0,0.8,0.3432956353067862,0.7999999999999999,0.95,0.6212905279040222,Moderate,26
PAATM SHIVA,0.26135105204872644,0.0,1.0,0.8394241417497235,0.9778516057585827,1.0,1.0,1.0,0.6710963455149501,0.3044529489675062,0.9313399778516058,0.9177740863787376,0.617826250384363,Moderate,27
Zappos,0.11403508771929823,0.0,1.0,1.0,1.0,1.0,1.0,1.0,0.9671052631578948,0.22495911113549785,1.0,0.9917763157894737,0.6150496682130043,Moderate,28
LION-go,0.3333333333333333,0.0,1.0,1.0,1.0,0.5,1.0,1.0,0.7,0.3432956353067862,0.7999999999999999,0.925,0.6135201858388426,Moderate,29
KDF BOUTIQUE,0.6666666666666666,0.0,1.0,1.0,1.0,0.0,1.0,1.0,0.0,0.5231671520471444,0.6,0.75,0.6087138034267199,Moderate,30
Amazon.com,0.2128741124162187,0.0238901055146326,1.0,0.964363925940673,0.9859048377463668,0.9860641051164645,0.9956201473223176,0.992036631495123,0.5667131196496118,0.28538852452804864,0.9773521799721283,0.8866016324905439,0.6077405110227856,Moderate,31
OYGSieg,0.3333333333333333,0.0,1.0,0.8333333333333335,1.0,1.0,1.0,1.0,0.2666666666666667,0.3432956353067862,0.9333333333333333,0.8166666666666667,0.6059554169772068,Moderate,32
Fullfamous,0.3333333333333333,0.0,1.0,0.5,1.0,1.0,1.0,1.0,0.6,0.3432956353067862,0.7999999999999999,0.9,0.605749843773663,Moderate,33
sunflower1990,0.3333333333333333,0.0,1.0,0.5,1.0,1.0,1.0,1.0,0.6,0.3432956353067862,0.7999999999999999,0.9,0.605749843773663,Moderate,33
NORTHYARD,0.3333333333333333,0.0,1.0,1.0,1.0,1.0,1.0,1.0,0.0,0.3432956353067862,1.0,0.75,0.598287861513799,Moderate,34
Nmoder,0.3333333333333333,0.0,1.0,1.0,1.0,1.0,1.0,1.0,0.0,0.3432956353067862,1.0,0.75,0.598287861513799,Moderate,34
SUNNY PIGGY,0.3333333333333333,0.0,1.0,1.0,1.0,1.0,1.0,1.0,0.0,0.3432956353067862,1.0,0.75,0.598287861513799,Moderate,34
BETTE BOUTIK Fashion,0.3333333333333333,0.0,1.0,1.0,1.0,1.0,1.0,1.0,0.0,0.3432956353067862,1.0,0.75,0.598287861513799,Moderate,34
DEEKEY-US,0.3333333333333333,0.0,1.0,1.0,1.0,1.0,1.0,1.0,0.0,0.3432956353067862,1.0,0.75,0.598287861513799,Moderate,34
BMJLUSAFashion,0.3333333333333333,0.0,1.0,1.0,1.0,1.0,1.0,1.0,0.0,0.3432956353067862,1.0,0.75,0.598287861513799,Moderate,34
CONKENDboxerbriefs,0.3333333333333333,0.0,1.0,1.0,1.0,1.0,1.0,1.0,0.0,0.3432956353067862,1.0,0.75,0.598287861513799,Moderate,34
MICHEL ROUEN,0.3333333333333333,0.0,1.0,1.0,1.0,1.0,1.0,1.0,0.0,0.3432956353067862,1.0,0.75,0.598287861513799,Moderate,34
MAGNIVIT,0.3333333333333333,0.0,1.0,1.0,1.0,1.0,1.0,1.0,0.0,0.3432956353067862,1.0,0.75,0.598287861513799,Moderate,34
MAMABABY,0.3333333333333333,0.0,1.0,1.0,1.0,1.0,1.0,1.0,0.0,0.3432956353067862,1.0,0.75,0.598287861513799,Moderate,34
Lepunuo,0.3333333333333333,0.0,1.0,1.0,1.0,1.0,1.0,1.0,0.0,0.3432956353067862,1.0,0.75,0.598287861513799,Moderate,34
Light Speed Shipping,0.3333333333333333,0.0,1.0,1.0,1.0,1.0,1.0,1.0,0.0,0.3432956353067862,1.0,0.75,0.598287861513799,Moderate,34
NEOREGAL,0.3333333333333333,0.0,1.0,1.0,1.0,1.0,1.0,1.0,0.0,0.3432956353067862,1.0,0.75,0.598287861513799,Moderate,34
Mine Fashion,0.3333333333333333,0.0,1.0,1.0,1.0,1.0,1.0,1.0,0.0,0.3432956353067862,1.0,0.75,0.598287861513799,Moderate,34
Olidarua-US,0.3333333333333333,0.0,1.0,1.0,1.0,1.0,1.0,1.0,0.0,0.3432956353067862,1.0,0.75,0.598287861513799,Moderate,34
WUJISMART,0.3333333333333333,0.0,1.0,1.0,1.0,1.0,1.0,1.0,0.0,0.3432956353067862,1.0,0.75,0.598287861513799,Moderate,34
usRaphin,0.3333333333333333,0.0,1.0,1.0,1.0,1.0,1.0,1.0,0.0,0.3432956353067862,1.0,0.75,0.598287861513799,Moderate,34
honeylove 10-15 days Arrivals,0.3333333333333333,0.0,1.0,1.0,1.0,1.0,1.0,1.0,0.0,0.3432956353067862,1.0,0.75,0.598287861513799,Moderate,34
weiweier,0.3333333333333333,0.0,1.0,1.0,1.0,1.0,1.0,1.0,0.0,0.3432956353067862,1.0,0.75,0.598287861513799,Moderate,34
5Mayi Official,0.3333333333333333,0.0,1.0,1.0,1.0,1.0,1.0,1.0,0.0,0.3432956353067862,1.0,0.75,0.598287861513799,Moderate,34
Utopia Deals,0.3333333333333333,0.0,1.0,1.0,1.0,1.0,1.0,1.0,0.0,0.3432956353067862,1.0,0.75,0.598287861513799,Moderate,34
Adibosy,0.3333333333333333,0.0,1.0,1.0,1.0,1.0,1.0,1.0,0.0,0.3432956353067862,1.0,0.75,0.598287861513799,Moderate,34
ArtBlankets,0.3333333333333333,0.0,1.0,1.0,1.0,1.0,1.0,1.0,0.0,0.3432956353067862,1.0,0.75,0.598287861513799,Moderate,34
VIPONES,0.3333333333333333,0.0,1.0,1.0,1.0,1.0,1.0,1.0,0.0,0.3432956353067862,1.0,0.75,0.598287861513799,Moderate,34
SACUIMAN FASHION,0.3333333333333333,0.0,1.0,1.0,1.0,1.0,1.0,1.0,0.0,0.3432956353067862,1.0,0.75,0.598287861513799,Moderate,34
P FENTENG-Shop,0.3333333333333333,0.0,1.0,1.0,1.0,1.0,1.0,1.0,0.0,0.3432956353067862,1.0,0.75,0.598287861513799,Moderate,34
SOWTEE,0.3333333333333333,0.0,1.0,1.0,1.0,1.0,1.0,1.0,0.0,0.3432956353067862,1.0,0.75,0.598287861513799,Moderate,34
TAIYITONG SHOP,0.3333333333333333,0.0,1.0,1.0,1.0,1.0,1.0,1.0,0.0,0.3432956353067862,1.0,0.75,0.598287861513799,Moderate,34
Sailwind,0.3333333333333333,0.0,1.0,1.0,1.0,1.0,1.0,1.0,0.0,0.3432956353067862,1.0,0.75,0.598287861513799,Moderate,34
Terramar Sports Inc,0.3333333333333333,0.0,1.0,1.0,1.0,1.0,1.0,1.0,0.0,0.3432956353067862,1.0,0.75,0.598287861513799,Moderate,34
Whitewonders,0.3333333333333333,0.0,1.0,1.0,1.0,1.0,1.0,1.0,0.0,0.3432956353067862,1.0,0.75,0.598287861513799,Moderate,34
EXCELMART-1,0.3333333333333333,0.0,1.0,1.0,1.0,1.0,1.0,1.0,0.0,0.3432956353067862,1.0,0.75,0.598287861513799,Moderate,34
Duque Market,0.3333333333333333,0.0,1.0,1.0,1.0,1.0,1.0,1.0,0.0,0.3432956353067862,1.0,0.75,0.598287861513799,Moderate,34
ZENGVEE,0.3333333333333333,0.0,1.0,1.0,1.0,1.0,1.0,1.0,0.0,0.3432956353067862,1.0,0.75,0.598287861513799,Moderate,34
Zanjode-US,0.3333333333333333,0.0,1.0,1.0,1.0,1.0,1.0,1.0,0.0,0.3432956353067862,1.0,0.75,0.598287861513799,Moderate,34
Baohui Fashion Store,0.3333333333333333,0.0,1.0,1.0,1.0,1.0,1.0,1.0,0.0,0.3432956353067862,1.0,0.75,0.598287861513799,Moderate,34
"33,000ft outdoor",0.3333333333333333,0.0,1.0,1.0,1.0,1.0,1.0,1.0,0.0,0.3432956353067862,1.0,0.75,0.598287861513799,Moderate,34
Zeeflou,0.3333333333333333,0.0,1.0,1.0,1.0,1.0,1.0,1.0,0.0,0.3432956353067862,1.0,0.75,0.598287861513799,Moderate,34
Youyiyi,0.3333333333333333,0.0,1.0,1.0,1.0,1.0,1.0,1.0,0.0,0.3432956353067862,1.0,0.75,0.598287861513799,Moderate,34
Baby Mioglrie,0.3333333333333333,0.0,1.0,1.0,1.0,1.0,1.0,1.0,0.0,0.3432956353067862,1.0,0.75,0.598287861513799,Moderate,34
YOUFANNUO,0.3333333333333333,0.0,1.0,1.0,1.0,1.0,1.0,1.0,0.0,0.3432956353067862,1.0,0.75,0.598287861513799,Moderate,34
Funwear,0.3333333333333333,0.0,1.0,1.0,1.0,1.0,1.0,1.0,0.0,0.3432956353067862,1.0,0.75,0.598287861513799,Moderate,34
MEI tian,0.3333333333333333,0.0,1.0,1.0,1.0,1.0,1.0,1.0,0.0,0.3432956353067862,1.0,0.75,0.598287861513799,Moderate,34
JUNBAOSS,0.3333333333333333,0.0,1.0,1.0,1.0,1.0,1.0,1.0,0.0,0.3432956353067862,1.0,0.75,0.598287861513799,Moderate,34
Feixun,0.3333333333333333,0.0,1.0,1.0,1.0,1.0,1.0,1.0,0.0,0.3432956353067862,1.0,0.75,0.598287861513799,Moderate,34
GEEK LIGHTING,0.3333333333333333,0.0,1.0,1.0,1.0,1.0,1.0,1.0,0.0,0.3432956353067862,1.0,0.75,0.598287861513799,Moderate,34
Automet-US,0.27999999999999997,0.0,1.0,1.0,1.0,1.0,1.0,1.0,0.11199999999999999,0.31451619262832886,1.0,0.778,0.5927912714787446,Moderate,35
BMJL US,0.2222222222222222,0.0,1.0,1.0,1.0,1.0,1.0,1.0,0.30000000000000004,0.2833384630600001,1.0,0.825,0.5920168603175552,Moderate,36
MAELREG,0.3333333333333333,0.0,1.0,1.0,1.0,0.75,1.0,1.0,0.15000000000000002,0.3432956353067862,0.8999999999999999,0.7875,0.5903633395459618,Moderate,37
ACT Apparel,0.16666666666666666,0.0,1.0,1.0,1.0,1.0,1.0,1.0,0.44999999999999996,0.25335987693660705,1.0,0.8625,0.5888813597194333,Moderate,38
Guardy LLC,0.0,0.0,1.0,1.0,1.0,1.0,1.0,1.0,1.0,0.16342411856642794,1.0,1.0,0.5872451999902473,Moderate,39
DHARVI CLOTHING HUB.,0.0,0.0,1.0,1.0,1.0,1.0,1.0,1.0,1.0,0.16342411856642794,1.0,1.0,0.5872451999902473,Moderate,39
Greggs Shoreline Deals,0.0,0.0,1.0,1.0,1.0,1.0,1.0,1.0,1.0,0.16342411856642794,1.0,1.0,0.5872451999902473,Moderate,39
Hoth Investments,0.0,0.0,1.0,1.0,1.0,1.0,1.0,1.0,1.0,0.16342411856642794,1.0,1.0,0.5872451999902473,Moderate,39
SAVKOOV,0.0,0.0,1.0,1.0,1.0,1.0,1.0,1.0,1.0,0.16342411856642794,1.0,1.0,0.5872451999902473,Moderate,39
Amnnchyabf,0.0,0.0,1.0,1.0,1.0,1.0,1.0,1.0,1.0,0.16342411856642794,1.0,1.0,0.5872451999902473,Moderate,39
JDGifts,0.0,0.0,1.0,1.0,1.0,1.0,1.0,1.0,1.0,0.16342411856642794,1.0,1.0,0.5872451999902473,Moderate,39
I-Max Fashions,0.0,0.0,1.0,1.0,1.0,1.0,1.0,1.0,1.0,0.16342411856642794,1.0,1.0,0.5872451999902473,Moderate,39
ANRABESS,0.2222222222222222,0.0,1.0,0.8333333333333335,0.9333333333333333,1.0,1.0,1.0,0.43333333333333335,0.2833384630600001,0.9199999999999999,0.8583333333333334,0.586713288351976,Moderate,40
TACVASEN,0.26666666666666666,0.0,1.0,0.9,1.0,1.0,1.0,1.0,0.16000000000000003,0.3073213319587145,0.96,0.79,0.5851391783567742,Moderate,41
Greenfive,0.16666666666666666,0.0,1.0,1.0,1.0,1.0,1.0,1.0,0.4,0.25335987693660705,1.0,0.85,0.5849961886868436,Moderate,42
Seven Chakra Tree,0.3333333333333333,0.0,1.0,1.0,0.6,1.0,1.0,1.0,0.0,0.3432956353067862,0.9199999999999999,0.75,0.5826238334613136,Moderate,43
Dokotoo Flagship Shop,0.18386444107233182,0.0,1.0,0.96206373292868,1.0,1.0,1.0,1.0,0.3414264036418816,0.26264004623732357,0.9848254931714719,0.8353566009104704,0.5820523514337963,Moderate,44
SuperiorBrands,0.14285714285714282,0.0,1.0,0.928571428571429,1.0,1.0,1.0,1.0,0.5142857142857142,0.24051191145515288,0.9714285714285715,0.8785714285714286,0.5819432780157792,Moderate,45
Throop Supply,0.0,0.0,1.0,1.0,1.0,1.0,1.0,1.0,0.9,0.16342411856642794,1.0,0.975,0.5794748579250677,Moderate,46
24 Caret,0.0,0.0,1.0,1.0,1.0,1.0,1.0,1.0,0.9,0.16342411856642794,1.0,0.975,0.5794748579250677,Moderate,46
BrandsDirect,0.0,0.0,1.0,1.0,1.0,1.0,1.0,1.0,0.9,0.16342411856642794,1.0,0.975,0.5794748579250677,Moderate,46
Artifacts Avenue,0.0,0.0,1.0,1.0,1.0,1.0,1.0,1.0,0.9,0.16342411856642794,1.0,0.975,0.5794748579250677,Moderate,46
VILOCY,0.0,0.0,1.0,1.0,1.0,1.0,1.0,1.0,0.9,0.16342411856642794,1.0,0.975,0.5794748579250677,Moderate,46
Tegrity Outlets,0.0,0.0,1.0,1.0,1.0,1.0,1.0,1.0,0.9,0.16342411856642794,1.0,0.975,0.5794748579250677,Moderate,46
Trendmalls Industries Pvt Ltd,0.0,0.0,1.0,1.0,1.0,1.0,1.0,1.0,0.9,0.16342411856642794,1.0,0.975,0.5794748579250677,Moderate,46
INNERSY STORE,0.0,0.0,1.0,1.0,1.0,1.0,1.0,1.0,0.9,0.16342411856642794,1.0,0.975,0.5794748579250677,Moderate,46
adidas_official,0.0,0.0,1.0,1.0,1.0,1.0,1.0,1.0,0.9,0.16342411856642794,1.0,0.975,0.5794748579250677,Moderate,46
MAGCOMSEN,0.25,0.0,1.0,1.0,0.95,1.0,0.8624999999999999,1.0,0.19999999999999996,0.2983277561216966,0.99,0.765625,0.5789998012541386,Moderate,47
ZEAGOO,0.2222222222222222,0.0,1.0,1.0,1.0,0.8333333333333335,1.0,1.0,0.2666666666666667,0.2833384630600001,0.9333333333333333,0.8166666666666667,0.5763733895854243,Moderate,48
TralilbeeUS,0.0,0.0,1.0,1.0,1.0,1.0,1.0,1.0,0.8333333333333334,0.16342411856642794,1.0,0.9583333333333334,0.5742946298816146,Moderate,49
Lomonshop,0.16666666666666666,0.0,1.0,1.0,1.0,1.0,1.0,1.0,0.25,0.25335987693660705,1.0,0.8125,0.5733406755890742,Moderate,50
G-GRADUAL,0.16666666666666666,0.0,1.0,1.0,1.0,1.0,1.0,1.0,0.25,0.25335987693660705,1.0,0.8125,0.5733406755890742,Moderate,50
DerYa,0.0,0.0,1.0,1.0,1.0,1.0,1.0,1.0,0.8181818181818182,0.16342411856642794,1.0,0.9545454545454546,0.5731173053262844,Moderate,51
Famous Brands Outlet,0.0,0.0,1.0,1.0,1.0,1.0,1.0,1.0,0.8,0.16342411856642794,1.0,0.95,0.5717045158598881,Moderate,52
Active Supply,0.0,0.0,1.0,1.0,1.0,1.0,1.0,1.0,0.8,0.16342411856642794,1.0,0.95,0.5717045158598881,Moderate,52
Wild West Boot Store,0.0,0.0,1.0,1.0,1.0,1.0,1.0,1.0,0.8,0.16342411856642794,1.0,0.95,0.5717045158598881,Moderate,52
DistributionX,0.0,0.0,1.0,1.0,1.0,1.0,1.0,1.0,0.8,0.16342411856642794,1.0,0.95,0.5717045158598881,Moderate,52
ZITY®,0.18739054290718038,0.0,1.0,0.8248686514886165,0.9824868651488619,1.0,1.0,1.0,0.34150612959719795,0.2645427820929691,0.9264448336252189,0.8353765323992994,0.5715663759721327,Moderate,53
COOFANDY,0.18513388734995384,0.0,1.0,0.9238227146814405,0.9722991689750694,1.0,1.0,1.0,0.23268698060941828,0.2633250579194524,0.9639889196675899,0.8081717451523546,0.5698610930569533,Moderate,54
Real Essentials,0.1990049751243781,0.0,1.0,0.8507462686567165,0.9402985074626866,0.902985074626866,1.0,1.0,0.35820895522388063,0.2708100987099254,0.8895522388059702,0.8395522388059702,0.5687328657235575,Moderate,55
OYOANGLE ONLINE STORE,0.0,0.0,1.0,1.0,1.0,1.0,1.0,1.0,0.7352941176470589,0.16342411856642794,1.0,0.9338235294117647,0.566676647464772,Moderate,56
CRZ YOGA,0.0,0.0,1.0,1.0,1.0,1.0,1.0,1.0,0.7102803738317758,0.16342411856642794,1.0,0.927570093457944,0.5647329940070167,Moderate,57
Shree Ganesh- Fashion,0.0,0.0,1.0,1.0,1.0,1.0,1.0,1.0,0.7,0.16342411856642794,1.0,0.925,0.5639341737947086,Moderate,58
Pgands Design,0.0,0.0,1.0,1.0,1.0,1.0,1.0,1.0,0.7,0.16342411856642794,1.0,0.925,0.5639341737947086,Moderate,58
Soojun limited,0.0,0.0,1.0,1.0,1.0,1.0,1.0,1.0,0.7,0.16342411856642794,1.0,0.925,0.5639341737947086,Moderate,58
BORIFLORS,0.0,0.0,1.0,1.0,1.0,1.0,1.0,1.0,0.6666666666666667,0.16342411856642794,1.0,0.9166666666666667,0.561344059772982,Moderate,59
Miaozhe,0.3333333333333333,0.0,1.0,1.0,1.0,0.5,1.0,1.0,0.0,0.3432956353067862,0.7999999999999999,0.75,0.5591277913825857,Moderate,60
CUPSHE,0.33003300330033,0.0,1.0,0.504950495049505,1.0,1.0,1.0,1.0,0.0,0.341514729200446,0.8019801980198019,0.75,0.5586368407682873,Moderate,61
Lion Nardo,0.0,0.0,1.0,1.0,1.0,1.0,1.0,1.0,0.6,0.16342411856642794,1.0,0.9,0.556163831729529,Moderate,62
VRMI,0.0,0.0,1.0,1.0,1.0,1.0,1.0,1.0,0.6,0.16342411856642794,1.0,0.9,0.556163831729529,Moderate,62
WQH-US,0.3333333333333333,0.0,1.0,1.0,1.0,1.0,0.44999999999999984,1.0,0.0,0.3432956353067862,1.0,0.6124999999999998,0.5555509801553115,Moderate,63
Springrain Store,0.3333333333333333,0.0,1.0,1.0,1.0,1.0,0.44999999999999984,1.0,0.0,0.3432956353067862,1.0,0.6124999999999998,0.5555509801553115,Moderate,63
Memoriesea,0.16666666666666666,0.0,1.0,1.0,1.0,1.0,1.0,1.0,0.0,0.25335987693660705,1.0,0.75,0.5539148204261253,Moderate,64
HOMEPAL,0.16666666666666666,0.0,1.0,1.0,1.0,1.0,1.0,1.0,0.0,0.25335987693660705,1.0,0.75,0.5539148204261253,Moderate,64
XIEERDUO,0.16666666666666666,0.0,1.0,1.0,1.0,1.0,1.0,1.0,0.0,0.25335987693660705,1.0,0.75,0.5539148204261253,Moderate,64
BOOJO Flagship Store,0.1583531274742676,0.0,1.0,1.0,1.0,1.0,1.0,1.0,0.0,0.24887377022455537,1.0,0.75,0.5517014383291154,Moderate,65
Wisdom Gate,0.0,0.0,1.0,1.0,1.0,1.0,1.0,1.0,0.5409836065573771,0.16342411856642794,1.0,0.8852459016393442,0.5515780560845049,Moderate,66
KENWAY,0.0,0.0,1.0,1.0,1.0,1.0,1.0,1.0,0.5192307692307692,0.16342411856642794,1.0,0.8798076923076923,0.5498877862153455,Moderate,67
LY Berditchev Co.,0.0,0.0,1.0,1.0,1.0,1.0,1.0,1.0,0.5,0.16342411856642794,1.0,0.875,0.5483934896643494,Moderate,68
VooVeeYA,0.0,0.0,1.0,1.0,1.0,1.0,1.0,1.0,0.5,0.16342411856642794,1.0,0.875,0.5483934896643494,Moderate,68
unknown,0.053578262533486395,0.0,1.0,0.9311136624569465,0.9770378874856488,1.0,1.0,0.885189437428244,0.5843857634902412,0.19233572860506187,0.9678530424799083,0.8386911595866822,0.5450784023781574,Moderate,69
topshoesUS,0.0,0.0,1.0,1.0,1.0,1.0,1.0,1.0,0.44999999999999996,0.16342411856642794,1.0,0.8625,0.5445083186317596,Moderate,70
Flag Giant Ship,0.0,0.0,1.0,1.0,1.0,1.0,1.0,1.0,0.44796380090497734,0.16342411856642794,1.0,0.8619909502262444,0.5443500989969483,Moderate,71
Voadera,0.0033003300330032995,0.0,1.0,0.504950495049505,1.0,1.0,1.0,1.0,0.900990099009901,0.16520502467276812,0.8019801980198019,0.9752475247524752,0.5416581194212973,Moderate,72
HUA RONG,0.0,0.0,1.0,1.0,1.0,1.0,1.0,1.0,0.4,0.16342411856642794,1.0,0.85,0.5406231475991699,Moderate,73
ShoeMall,0.0,0.0,1.0,1.0,0.9,1.0,1.0,1.0,0.44999999999999996,0.16342411856642794,0.98,0.8625,0.5405923116186383,Moderate,74
Zhengdaqian,0.0,0.0,1.0,0.5,1.0,1.0,1.0,1.0,0.9,0.16342411856642794,0.7999999999999999,0.975,0.5403147877938543,Moderate,75
KISAHAPPARELS,0.0025157232704402332,0.0,1.0,0.886792452830189,0.9471698113207548,0.8113207547169815,1.0,1.0,0.6641509433962265,0.16478163944748725,0.8686792452830192,0.9160377358490566,0.5361057113997181,Moderate,76
PRETTYGARDEN,0.05555555555555553,0.0,1.0,1.0,1.0,1.0,1.0,1.0,0.15000000000000002,0.19340270468982096,1.0,0.7875,0.5359883061321122,Moderate,77
Floerns,0.0,0.0,1.0,0.777777777777778,1.0,1.0,1.0,1.0,0.5333333333333333,0.16342411856642794,0.9111111111111112,0.8833333333333333,0.5335791280722034,Moderate,78
JomeDesign,0.08823529411764705,0.0,1.0,1.0,1.0,1.0,1.0,1.0,0.0,0.21103716711534629,1.0,0.75,0.5330333893260435,Moderate,79
Paul Jones Clothing,0.0,0.0,1.0,1.0,1.0,1.0,1.0,1.0,0.30000000000000004,0.16342411856642794,1.0,0.825,0.5328528055339903,Moderate,80
Playmakers,0.0,0.0,1.0,1.0,1.0,1.0,1.0,1.0,0.30000000000000004,0.16342411856642794,1.0,0.825,0.5328528055339903,Moderate,80
Dp Fami,0.04403346543372963,0.0,1.0,1.0,1.0,1.0,1.0,1.0,0.13210039630118886,0.1871852172111252,1.0,0.7830250990752972,0.531529824626053,Moderate,81
blooming jelly,0.0,0.0,1.0,1.0,1.0,1.0,1.0,1.0,0.25,0.16342411856642794,1.0,0.8125,0.5289676345014005,Moderate,82
Qekoma,0.3333333333333333,0.0,1.0,0.09090909090909105,1.0,1.0,1.0,1.0,0.0,0.3432956353067862,0.6363636363636364,0.75,0.5270877340025022,Moderate,83
GIISAM,0.3333333333333333,0.0,1.0,0.0,1.0,1.0,1.0,1.0,0.0,0.3432956353067862,0.5999999999999999,0.75,0.5199677212513725,Moderate,84
FashionShop26,0.0,0.0,1.0,0.4444444444444444,1.0,1.0,1.0,1.0,0.6666666666666667,0.16342411856642794,0.7777777777777777,0.9166666666666667,0.5178328707383006,Moderate,85
MEROKEETY,0.0,0.0,1.0,0.8333333333333335,1.0,1.0,1.0,1.0,0.23333333333333328,0.16342411856642794,0.9333333333333333,0.8083333333333333,0.5146192207801328,Moderate,86
Takshvi_USA,0.03333333333333333,0.0,1.0,0.0,1.0,1.0,1.0,1.0,0.9,0.18141127024046377,0.5999999999999999,0.975,0.5100293258801758,Moderate,87
Chicgal,0.0,0.0,1.0,1.0,1.0,1.0,1.0,1.0,0.0,0.16342411856642794,1.0,0.75,0.5095417793384516,Moderate,88
MOERDENG OD,0.0,0.0,1.0,1.0,1.0,1.0,1.0,1.0,0.0,0.16342411856642794,1.0,0.75,0.5095417793384516,Moderate,88
MIER SPORT,0.0,0.0,1.0,1.0,1.0,1.0,1.0,1.0,0.0,0.16342411856642794,1.0,0.75,0.5095417793384516,Moderate,88
Kayla Grecia,0.0,0.0,1.0,1.0,1.0,1.0,1.0,1.0,0.0,0.16342411856642794,1.0,0.75,0.5095417793384516,Moderate,88
Hey Dude Official,0.0,0.0,1.0,1.0,1.0,1.0,1.0,1.0,0.0,0.16342411856642794,1.0,0.75,0.5095417793384516,Moderate,88
LIUJISHOP,0.0,0.0,1.0,1.0,1.0,1.0,1.0,1.0,0.0,0.16342411856642794,1.0,0.75,0.5095417793384516,Moderate,88
HEAWISH Shoes,0.0,0.0,1.0,1.0,1.0,1.0,1.0,1.0,0.0,0.16342411856642794,1.0,0.75,0.5095417793384516,Moderate,88
KuaiLu-XYL,0.0,0.0,1.0,1.0,1.0,1.0,1.0,1.0,0.0,0.16342411856642794,1.0,0.75,0.5095417793384516,Moderate,88
Kinglaman,0.0,0.0,1.0,1.0,1.0,1.0,1.0,1.0,0.0,0.16342411856642794,1.0,0.75,0.5095417793384516,Moderate,88
HOVSIYLA,0.0,0.0,1.0,1.0,1.0,1.0,1.0,1.0,0.0,0.16342411856642794,1.0,0.75,0.5095417793384516,Moderate,88
Highest Quality Products,0.0,0.0,1.0,1.0,1.0,1.0,1.0,1.0,0.0,0.16342411856642794,1.0,0.75,0.5095417793384516,Moderate,88
Heymiss,0.0,0.0,1.0,1.0,1.0,1.0,1.0,1.0,0.0,0.16342411856642794,1.0,0.75,0.5095417793384516,Moderate,88
ETTELO,0.0,0.0,1.0,1.0,1.0,1.0,1.0,1.0,0.0,0.16342411856642794,1.0,0.75,0.5095417793384516,Moderate,88
Fensace,0.0,0.0,1.0,1.0,1.0,1.0,1.0,1.0,0.0,0.16342411856642794,1.0,0.75,0.5095417793384516,Moderate,88
FlastDecor,0.0,0.0,1.0,1.0,1.0,1.0,1.0,1.0,0.0,0.16342411856642794,1.0,0.75,0.5095417793384516,Moderate,88
Feethit,0.0,0.0,1.0,1.0,1.0,1.0,1.0,1.0,0.0,0.16342411856642794,1.0,0.75,0.5095417793384516,Moderate,88
J.Ver Offical,0.0,0.0,1.0,1.0,1.0,1.0,1.0,1.0,0.0,0.16342411856642794,1.0,0.75,0.5095417793384516,Moderate,88
GruntStyle,0.0,0.0,1.0,1.0,1.0,1.0,1.0,1.0,0.0,0.16342411856642794,1.0,0.75,0.5095417793384516,Moderate,88
Downtown Discountz,0.0,0.0,1.0,1.0,1.0,1.0,1.0,1.0,0.0,0.16342411856642794,1.0,0.75,0.5095417793384516,Moderate,88
FIORRA USA,0.0,0.0,1.0,1.0,1.0,1.0,1.0,1.0,0.0,0.16342411856642794,1.0,0.75,0.5095417793384516,Moderate,88
Close range,0.0,0.0,1.0,1.0,1.0,1.0,1.0,1.0,0.0,0.16342411856642794,1.0,0.75,0.5095417793384516,Moderate,88
Charm City Run,0.0,0.0,1.0,1.0,1.0,1.0,1.0,1.0,0.0,0.16342411856642794,1.0,0.75,0.5095417793384516,Moderate,88
Yuanlu Inc.,0.0,0.0,1.0,1.0,1.0,1.0,1.0,1.0,0.0,0.16342411856642794,1.0,0.75,0.5095417793384516,Moderate,88
123(EXOPRT WAREHOUSE),0.0,0.0,1.0,1.0,1.0,1.0,1.0,1.0,0.0,0.16342411856642794,1.0,0.75,0.5095417793384516,Moderate,88
weiyimy,0.0,0.0,1.0,1.0,1.0,1.0,1.0,1.0,0.0,0.16342411856642794,1.0,0.75,0.5095417793384516,Moderate,88
XZQTIVE BELT,0.0,0.0,1.0,1.0,1.0,1.0,1.0,1.0,0.0,0.16342411856642794,1.0,0.75,0.5095417793384516,Moderate,88
BTFBM-US,0.0,0.0,1.0,1.0,1.0,1.0,1.0,1.0,0.0,0.16342411856642794,1.0,0.75,0.5095417793384516,Moderate,88
Asics America Corporation,0.0,0.0,1.0,1.0,1.0,1.0,1.0,1.0,0.0,0.16342411856642794,1.0,0.75,0.5095417793384516,Moderate,88
FREDD MARSHALL,0.0,0.0,1.0,1.0,1.0,1.0,1.0,1.0,0.0,0.16342411856642794,1.0,0.75,0.5095417793384516,Moderate,88
CAMEL CROWN DIRECT,0.0,0.0,1.0,1.0,1.0,1.0,1.0,1.0,0.0,0.16342411856642794,1.0,0.75,0.5095417793384516,Moderate,88
ODOLY,0.0,0.0,1.0,1.0,1.0,1.0,1.0,1.0,0.0,0.16342411856642794,1.0,0.75,0.5095417793384516,Moderate,88
Larnmern Work,0.0,0.0,1.0,1.0,1.0,1.0,1.0,1.0,0.0,0.16342411856642794,1.0,0.75,0.5095417793384516,Moderate,88
OFEEFAN,0.0,0.0,1.0,1.0,1.0,1.0,1.0,1.0,0.0,0.16342411856642794,1.0,0.75,0.5095417793384516,Moderate,88
SneakerBoyUSA,0.0,0.0,1.0,1.0,1.0,1.0,1.0,1.0,0.0,0.16342411856642794,1.0,0.75,0.5095417793384516,Moderate,88
Soxx Supply,0.0,0.0,1.0,1.0,1.0,1.0,1.0,1.0,0.0,0.16342411856642794,1.0,0.75,0.5095417793384516,Moderate,88
Step & Style Collective,0.0,0.0,1.0,1.0,1.0,1.0,1.0,1.0,0.0,0.16342411856642794,1.0,0.75,0.5095417793384516,Moderate,88
TASAMO,0.0,0.0,1.0,1.0,1.0,1.0,1.0,1.0,0.0,0.16342411856642794,1.0,0.75,0.5095417793384516,Moderate,88
TBMPOY,0.0,0.0,1.0,1.0,1.0,1.0,1.0,1.0,0.0,0.16342411856642794,1.0,0.75,0.5095417793384516,Moderate,88
Puma Kids,0.0,0.0,1.0,1.0,1.0,1.0,1.0,1.0,0.0,0.16342411856642794,1.0,0.75,0.5095417793384516,Moderate,88
SWORNOF,0.0,0.0,1.0,1.0,1.0,1.0,1.0,1.0,0.0,0.16342411856642794,1.0,0.75,0.5095417793384516,Moderate,88
RuzeShoes,0.0,0.0,1.0,1.0,1.0,1.0,1.0,1.0,0.0,0.16342411856642794,1.0,0.75,0.5095417793384516,Moderate,88
OutdoorVentures,0.0,0.0,1.0,1.0,1.0,1.0,1.0,1.0,0.0,0.16342411856642794,1.0,0.75,0.5095417793384516,Moderate,88
Pacers Running,0.0,0.0,1.0,1.0,1.0,1.0,1.0,1.0,0.0,0.16342411856642794,1.0,0.75,0.5095417793384516,Moderate,88
OIIIO,0.0,0.0,1.0,1.0,1.0,1.0,1.0,1.0,0.0,0.16342411856642794,1.0,0.75,0.5095417793384516,Moderate,88
Orva Stores,0.0,0.0,1.0,1.0,1.0,1.0,1.0,1.0,0.0,0.16342411856642794,1.0,0.75,0.5095417793384516,Moderate,88
Liberty Brands US,0.0,0.0,1.0,1.0,1.0,1.0,1.0,1.0,0.0,0.16342411856642794,1.0,0.75,0.5095417793384516,Moderate,88
Pudolla Sports,0.0,0.0,1.0,1.0,1.0,1.0,1.0,1.0,0.0,0.16342411856642794,1.0,0.75,0.5095417793384516,Moderate,88
Plaid&Plain,0.0,0.0,1.0,1.0,1.0,1.0,1.0,1.0,0.0,0.16342411856642794,1.0,0.75,0.5095417793384516,Moderate,88
Per Zeal,0.0,0.0,1.0,1.0,1.0,1.0,1.0,1.0,0.0,0.16342411856642794,1.0,0.75,0.5095417793384516,Moderate,88
VANGOS,0.0,0.0,1.0,1.0,1.0,1.0,1.0,1.0,0.0,0.16342411856642794,1.0,0.75,0.5095417793384516,Moderate,88
Wiskicks,0.0,0.0,1.0,1.0,1.0,1.0,1.0,1.0,0.0,0.16342411856642794,1.0,0.75,0.5095417793384516,Moderate,88
Tobias Direct Store,0.0,0.0,1.0,1.0,1.0,1.0,1.0,1.0,0.0,0.16342411856642794,1.0,0.75,0.5095417793384516,Moderate,88
Sheplers,0.0,0.0,1.0,1.0,1.0,1.0,1.0,1.0,0.0,0.16342411856642794,1.0,0.75,0.5095417793384516,Moderate,88
US SHANYI,0.0,0.0,1.0,1.0,1.0,1.0,1.0,1.0,0.0,0.16342411856642794,1.0,0.75,0.5095417793384516,Moderate,88
Shapermint,0.0,0.0,1.0,1.0,1.0,1.0,1.0,1.0,0.0,0.16342411856642794,1.0,0.75,0.5095417793384516,Moderate,88
The Best Fast Deals,0.0,0.0,1.0,1.0,1.0,1.0,1.0,1.0,0.0,0.16342411856642794,1.0,0.75,0.5095417793384516,Moderate,88
wangwangfa,0.0,0.0,1.0,1.0,1.0,1.0,1.0,1.0,0.0,0.16342411856642794,1.0,0.75,0.5095417793384516,Moderate,88
jurunfeng,0.0,0.0,1.0,1.0,1.0,1.0,1.0,1.0,0.0,0.16342411856642794,1.0,0.75,0.5095417793384516,Moderate,88
singolake,0.0,0.0,1.0,1.0,1.0,1.0,1.0,1.0,0.0,0.16342411856642794,1.0,0.75,0.5095417793384516,Moderate,88
lionstill,0.0,0.0,1.0,1.0,1.0,1.0,1.0,1.0,0.0,0.16342411856642794,1.0,0.75,0.5095417793384516,Moderate,88
kinzworth,0.0,0.0,1.0,1.0,1.0,1.0,1.0,1.0,0.0,0.16342411856642794,1.0,0.75,0.5095417793384516,Moderate,88
Ultra-Dry,0.0,0.0,1.0,1.0,1.0,1.0,1.0,1.0,0.0,0.16342411856642794,1.0,0.75,0.5095417793384516,Moderate,88
Angel Seller,0.0,0.0,1.0,1.0,1.0,1.0,1.0,1.0,0.0,0.16342411856642794,1.0,0.75,0.5095417793384516,Moderate,88
Adokoo,0.0,0.0,1.0,1.0,1.0,1.0,1.0,1.0,0.0,0.16342411856642794,1.0,0.75,0.5095417793384516,Moderate,88
AKAWOOKO,0.0,0.0,1.0,1.0,1.0,1.0,1.0,1.0,0.0,0.16342411856642794,1.0,0.75,0.5095417793384516,Moderate,88
WaltZon,0.0,0.0,1.0,0.5,1.0,1.0,1.0,1.0,0.5,0.16342411856642794,0.7999999999999999,0.875,0.5092334195331361,Moderate,89
ZESICA,0.0,0.0,1.0,1.0,0.9,1.0,1.0,1.0,0.0,0.16342411856642794,0.98,0.75,0.5056257723253303,Moderate,90
rapoo,0.0,0.0,1.0,1.0,0.8,1.0,1.0,1.0,0.0,0.16342411856642794,0.96,0.75,0.5017097653122089,Moderate,91
SERNIAL Shoes,0.0,0.0,1.0,1.0,0.8,1.0,1.0,1.0,0.0,0.16342411856642794,0.96,0.75,0.5017097653122089,Moderate,91
EVALESS Flagship Shop,0.0,0.0,1.0,1.0,0.8,1.0,1.0,1.0,0.0,0.16342411856642794,0.96,0.75,0.5017097653122089,Moderate,91
LanRuiery,0.0,0.0,1.0,0.5454545454545455,1.0,1.0,0.5,1.0,0.6363636363636365,0.16342411856642794,0.8181818181818181,0.784090909090909,0.4845376365807753,Weak,92
Timeson,0.16666666666666666,0.0,1.0,1.0,1.0,1.0,1.0,0.5,0.0,0.25335987693660705,1.0,0.5,0.4762113997743298,Weak,93
Woohoo Mart,0.0,0.0,1.0,0.5,1.0,1.0,1.0,1.0,0.0,0.16342411856642794,0.7999999999999999,0.75,0.4703817092072383,Weak,94
GlobeCarry,0.0,0.0,1.0,1.0,1.0,0.5,1.0,1.0,0.0,0.16342411856642794,0.7999999999999999,0.75,0.4703817092072383,Weak,94
KIDMI,0.0,0.0,1.0,1.0,1.0,1.0,0.44999999999999984,1.0,0.0,0.16342411856642794,1.0,0.6124999999999998,0.46680489797996405,Weak,95
quanzhouhuioumaoyiyouxiangongsi,0.0,0.0,1.0,1.0,1.0,1.0,0.44999999999999984,1.0,0.0,0.16342411856642794,1.0,0.6124999999999998,0.46680489797996405,Weak,95
RebeyDirect,0.0,0.0,1.0,1.0,1.0,1.0,1.0,0.0,0.9,0.16342411856642794,1.0,0.4750000000000001,0.42406801662147653,Weak,96
THE GYM PEOPLE,0.0,0.0,1.0,1.0,1.0,1.0,1.0,0.0,0.0,0.16342411856642794,1.0,0.25000000000000006,0.3541349380348605,Weak,97
