seller_name,environmental_keyword_count,sustainable_material_count,eco_label_count,product_quality_complaint_count,product_damage_complaint_count,product_safety_complaint_count,customer_service_complaint_count,counterfeit_complaint_count,governance_keyword_count
101Dealz,0.0,1.6666666666666667,0.0,0.0,0.03333333333333333,0.06666666666666667,0.0,0.0,0.5
123(EXOPRT WAREHOUSE),0.0,0.0,0.0,0.0,0.0,0.0,0.0,0.0,1.0
24 Caret,0.0,0.0,0.0,0.0,0.0,0.0,0.0,0.0,0.1
"33,000ft outdoor",0.0,1.0,0.0,0.0,0.0,0.0,0.0,0.0,1.0
5Mayi Official,0.0,1.0,0.0,0.0,0.0,0.0,0.0,0.0,1.0
ABAFIP Store,0.0,2.0,0.0,0.0,0.0,0.0,0.0,0.0,1.0
ACT Apparel,0.0,0.5,0.0,0.0,0.0,0.0,0.0,0.0,0.55
AKAWOOKO,0.0,0.0,0.0,0.0,0.0,0.0,0.0,0.0,1.0
AMASALES20,0.0,1.0,1.0,0.0,0.0,0.0,0.0,0.0,1.0
ANRABESS,0.0,0.6666666666666666,0.0,0.03333333333333333,0.03333333333333333,0.0,0.0,0.0,0.5666666666666667
AOMONISTORE,0.0,1.0,0.0,0.0,0.0,0.0,0.0,0.0,0.4
Active Supply,0.0,0.0,0.0,0.0,0.0,0.0,0.0,0.0,0.2
Adibosy,0.0,1.0,0.0,0.0,0.0,0.0,0.0,0.0,1.0
Adokoo,0.0,0.0,0.0,0.0,0.0,0.0,0.0,0.0,1.0
Alimens & Gentle,0.0,1.2647058823529411,0.0,0.0,0.0,0.0,0.0,0.0,0.7794117647058824
Amazon.com,0.0,0.6386223372486561,0.02389010551463269,0.007127214811865419,0.007047581126816644,0.002787178976707147,0.0007963368504877563,0.0007963368504877563,0.4332868803503882
Amnnchyabf,0.0,0.0,0.0,0.0,0.0,0.0,0.0,0.0,0.0
Angel Seller,0.0,0.0,0.0,0.0,0.0,0.0,0.0,0.0,1.0
Angyun,0.0,1.0,0.0,0.0,0.0,0.0,0.0,0.0,0.6666666666666666
ArtBlankets,0.0,1.0,0.0,0.0,0.0,0.0,0.0,0.0,1.0
Artifacts Avenue,0.0,0.0,0.0,0.0,0.0,0.0,0.0,0.0,0.1
Artisanates,0.0,1.0,0.0,0.0,0.0,0.0,0.0,0.0,0.5
Asics America Corporation,0.0,0.0,0.0,0.0,0.0,0.0,0.0,0.0,1.0
Atlantic Coast Promotional,0.0,1.0,0.0,0.0,0.0,0.0,0.0,0.0,0.4
Aulemen,0.0,3.0,0.0,0.0,0.5,0.0,0.0,0.0,1.0
Automet-US,0.0,0.84,0.0,0.0,0.0,0.0,0.0,0.0,0.888
Avanova,0.0,2.0,0.0,0.0,0.0,0.0,0.0,0.0,1.0
BETTE BOUTIK Fashion,0.0,1.0,0.0,0.0,0.0,0.0,0.0,0.0,1.0
BMJL US,0.0,0.6666666666666666,0.0,0.0,0.0,0.0,0.0,0.0,0.7
BMJLUSAFashion,0.0,1.0,0.0,0.0,0.0,0.0,0.0,0.0,1.0
BOOJO Flagship Store,0.0,0.4750593824228028,0.0,0.0,0.0,0.0,0.0,0.0,1.0
BORIFLORS,0.0,0.0,0.0,0.0,0.0,0.0,0.0,0.0,0.3333333333333333
BTFBM-US,0.0,0.0,0.0,0.0,0.0,0.0,0.0,0.0,1.0
Baby Mioglrie,0.0,1.0,0.0,0.0,0.0,0.0,0.0,0.0,1.0
Baohui Fashion Store,0.0,1.0,0.0,0.0,0.0,0.0,0.0,0.0,1.0
BrandsDirect,0.0,0.0,0.0,0.0,0.0,0.0,0.0,0.0,0.1
C8N,0.0,1.0,0.0,0.0,0.0,0.0,0.0,0.0,0.0
CAMEL CROWN DIRECT,0.0,0.0,0.0,0.0,0.0,0.0,0.0,0.0,1.0
CHOUYATOU,0.0,3.0,0.0,0.0,0.0,0.0,0.0,0.0,0.4
CONKENDboxerbriefs,0.0,1.0,0.0,0.0,0.0,0.0,0.0,0.0,1.0
COOFANDY,0.0,0.5554016620498615,0.0,0.015235457063711912,0.013850415512465374,0.0,0.0,0.0,0.7673130193905817
COOFANDY Online,0.0,1.2,0.0,0.0,0.04,0.0,0.0,0.0,0.74
CRZ YOGA,0.0,0.0,0.0,0.0,0.0,0.0,0.0,0.0,0.2897196261682243
CUPSHE,0.0,0.9900990099009901,0.0,0.09900990099009901,0.0,0.0,0.0,0.0,1.0
Charm City Run,0.0,0.0,0.0,0.0,0.0,0.0,0.0,0.0,1.0
Chicgal,0.0,0.0,0.0,0.0,0.0,0.0,0.0,0.0,1.0
Close range,0.0,0.0,0.0,0.0,0.0,0.0,0.0,0.0,1.0
Cupshe Apparel,0.0,2.0,0.0,0.0,0.0,0.0,0.0,0.0,1.0
DEEKEY-US,0.0,1.0,0.0,0.0,0.0,0.0,0.0,0.0,1.0
DHARVI CLOTHING HUB.,0.0,0.0,0.0,0.0,0.0,0.0,0.0,0.0,0.0
DealsN'more,0.0,1.0,0.0,0.0,0.0,0.0,0.0,0.0,0.1
DerYa,0.0,0.0,0.0,0.0,0.0,0.0,0.0,0.0,0.18181818181818182
DistributionX,0.0,0.0,0.0,0.0,0.0,0.0,0.0,0.0,0.2
Dokotoo Flagship Shop,0.0,0.5515933232169955,0.0,0.007587253414264037,0.0,0.0,0.0,0.0,0.6585735963581184
Downtown Discountz,0.0,0.0,0.0,0.0,0.0,0.0,0.0,0.0,1.0
Dp Fami,0.0,0.13210039630118892,0.0,0.0,0.0,0.0,0.0,0.0,0.8678996036988111
Duque Market,0.0,1.0,0.0,0.0,0.0,0.0,0.0,0.0,1.0
EKLENTSON,0.0,2.0,0.0,0.0,0.0,0.0,0.0,0.0,1.0
ELETOP-US,0.0,2.0,0.0,0.0,0.0,0.0,0.0,0.0,1.0
ETTELO,0.0,0.0,0.0,0.0,0.0,0.0,0.0,0.0,1.0
EVALESS Flagship Shop,0.0,0.0,0.0,0.0,0.1,0.0,0.0,0.0,1.0
EXCELMART-1,0.0,1.0,0.0,0.0,0.0,0.0,0.0,0.0,1.0
EverValue Emporium,0.0,2.0,0.0,0.0,0.0,0.0,0.0,0.0,1.0
FANQIUS,0.0,2.0,0.0,0.1,0.1,0.0,0.0,0.0,0.1
FIORRA USA,0.0,0.0,0.0,0.0,0.0,0.0,0.0,0.0,1.0
FREDD MARSHALL,0.0,0.0,0.0,0.0,0.0,0.0,0.0,0.0,1.0
Famous Brands Outlet,0.0,0.0,0.0,0.0,0.0,0.0,0.0,0.0,0.2
Fashion cravings,0.0,1.0,0.0,0.0,0.0,0.0,0.0,0.0,0.2
FashionShop26,0.0,0.0,0.0,0.1111111111111111,0.0,0.0,0.0,0.0,0.3333333333333333
Feethit,0.0,0.0,0.0,0.0,0.0,0.0,0.0,0.0,1.0
Feixun,0.0,1.0,0.0,0.0,0.0,0.0,0.0,0.0,1.0
Fensace,0.0,0.0,0.0,0.0,0.0,0.0,0.0,0.0,1.0
Flag Giant Ship,0.0,0.0,0.0,0.0,0.0,0.0,0.0,0.0,0.5520361990950227
FlastDecor,0.0,0.0,0.0,0.0,0.0,0.0,0.0,0.0,1.0
Floerns,0.0,0.0,0.0,0.044444444444444446,0.0,0.0,0.0,0.0,0.4666666666666667
Fullfamous,0.0,1.0,0.0,0.1,0.0,0.0,0.0,0.0,0.4
Funwear,0.0,1.0,0.0,0.0,0.0,0.0,0.0,0.0,1.0
G-GRADUAL,0.0,0.5,0.0,0.0,0.0,0.0,0.0,0.0,0.75
GEEK LIGHTING,0.0,1.0,0.0,0.0,0.0,0.0,0.0,0.0,1.0
GIISAM,0.0,1.0,0.0,0.2,0.0,0.0,0.0,0.0,1.0
GlobeCarry,0.0,0.0,0.0,0.0,0.0,0.1,0.0,0.0,1.0
Greenfive,0.0,0.5,0.0,0.0,0.0,0.0,0.0,0.0,0.6
Greggs Shoreline Deals,0.0,0.0,0.0,0.0,0.0,0.0,0.0,0.0,0.0
GruntStyle,0.0,0.0,0.0,0.0,0.0,0.0,0.0,0.0,1.0
Guardy LLC,0.0,0.0,0.0,0.0,0.0,0.0,0.0,0.0,0.0
HEAWISH Shoes,0.0,0.0,0.0,0.0,0.0,0.0,0.0,0.0,1.0
HILEELANG Kids Fashion,0.0,1.0,0.0,0.0,0.0,0.0,0.0,0.0,0.4
HOEREV®,0.0,3.0,0.0,0.0,0.0,0.0,0.0,0.0,0.4
HOMEPAL,0.0,0.5,0.0,0.0,0.0,0.0,0.0,0.0,1.0
HONCAN,0.0,1.0,0.0,0.0,0.0,0.0,0.0,0.0,0.0
HOVSIYLA,0.0,0.0,0.0,0.0,0.0,0.0,0.0,0.0,1.0
HUA RONG,0.0,0.0,0.0,0.0,0.0,0.0,0.0,0.0,0.6
Hey Dude Official,0.0,0.0,0.0,0.0,0.0,0.0,0.0,0.0,1.0
Heymiss,0.0,0.0,0.0,0.0,0.0,0.0,0.0,0.0,1.0
Highest Quality Products,0.0,0.0,0.0,0.0,0.0,0.0,0.0,0.0,1.0
Hoth Investments,0.0,0.0,0.0,0.0,0.0,0.0,0.0,0.0,0.0
I-Max Fashions,0.0,0.0,0.0,0.0,0.0,0.0,0.0,0.0,0.0
INNERSY STORE,0.0,0.0,0.0,0.0,0.0,0.0,0.0,0.0,0.1
J.Ver Offical,0.0,0.0,0.0,0.0,0.0,0.0,0.0,0.0,1.0
JDGifts,0.0,0.0,0.0,0.0,0.0,0.0,0.0,0.0,0.0
JMIERR,0.0,1.8,0.0,0.0,0.0,0.0,0.0,0.0,0.86
JUNBAOSS,0.0,1.0,0.0,0.0,0.0,0.0,0.0,0.0,1.0
JomeDesign,0.0,0.2647058823529412,0.0,0.0,0.0,0.0,0.0,0.0,1.0
JosFaith,0.0,2.0,0.0,0.0,0.0,0.0,0.0,0.0,1.0
KDF BOUTIQUE,0.0,2.0,0.0,0.0,0.0,0.2,0.0,0.0,1.0
KENWAY,0.0,0.0,0.0,0.0,0.0,0.0,0.0,0.0,0.4807692307692308
KIDMI,0.0,0.0,0.0,0.0,0.0,0.0,0.1,0.0,1.0
KISAHAPPARELS,0.0,0.007547169811320755,0.0,0.022641509433962263,0.026415094339622643,0.03773584905660377,0.0,0.0,0.33584905660377357
KUNMI,0.0,2.0,0.0,0.0,0.0,0.0,0.0,0.0,0.2
Kayla Grecia,0.0,0.0,0.0,0.0,0.0,0.0,0.0,0.0,1.0
Kinglaman,0.0,0.0,0.0,0.0,0.0,0.0,0.0,0.0,1.0
Kingsted,0.0,2.0,0.0,0.0,0.0,0.0,0.0,0.0,0.2
KuaiLu-XYL,0.0,0.0,0.0,0.0,0.0,0.0,0.0,0.0,1.0
LION-go,0.0,1.0,0.0,0.0,0.0,0.1,0.0,0.0,0.3
LIUJISHOP,0.0,0.0,0.0,0.0,0.0,0.0,0.0,0.0,1.0
LY Berditchev Co.,0.0,0.0,0.0,0.0,0.0,0.0,0.0,0.0,0.5
LanRuiery,0.0,0.0,0.0,0.09090909090909091,0.0,0.0,0.09090909090909091,0.0,0.36363636363636365
Larnmern Work,0.0,0.0,0.0,0.0,0.0,0.0,0.0,0.0,1.0
Lepunuo,0.0,1.0,0.0,0.0,0.0,0.0,0.0,0.0,1.0
Liberty Brands US,0.0,0.0,0.0,0.0,0.0,0.0,0.0,0.0,1.0
Light Speed Shipping,0.0,1.0,0.0,0.0,0.0,0.0,0.0,0.0,1.0
Lion Nardo,0.0,0.0,0.0,0.0,0.0,0.0,0.0,0.0,0.4
Lomonshop,0.0,0.5,0.0,0.0,0.0,0.0,0.0,0.0,0.75
MAELREG,0.0,1.0,0.0,0.0,0.0,0.05,0.0,0.0,0.85
MAGCOMSEN,0.0,0.75,0.0,0.0,0.025,0.0,0.025,0.0,0.8
MAGNIVIT,0.0,1.0,0.0,0.0,0.0,0.0,0.0,0.0,1.0
MAMABABY,0.0,1.0,0.0,0.0,0.0,0.0,0.0,0.0,1.0
MEI tian,0.0,1.0,0.0,0.0,0.0,0.0,0.0,0.0,1.0
MEROKEETY,0.0,0.0,0.0,0.03333333333333333,0.0,0.0,0.0,0.0,0.7666666666666667
MICHEL ROUEN,0.0,1.0,0.0,0.0,0.0,0.0,0.0,0.0,1.0
MIER SPORT,0.0,0.0,0.0,0.0,0.0,0.0,0.0,0.0,1.0
MOERDENG OD,0.0,0.0,0.0,0.0,0.0,0.0,0.0,0.0,1.0
Memoriesea,0.0,0.5,0.0,0.0,0.0,0.0,0.0,0.0,1.0
Miaozhe,0.0,1.0,0.0,0.0,0.0,0.1,0.0,0.0,1.0
Micoson,0.0,2.0,0.0,0.0,0.0,0.0,0.0,0.0,1.0
Mine Fashion,0.0,1.0,0.0,0.0,0.0,0.0,0.0,0.0,1.0
NEOREGAL,0.0,1.0,0.0,0.0,0.0,0.0,0.0,0.0,1.0
NORTHYARD,0.0,1.0,0.0,0.0,0.0,0.0,0.0,0.0,1.0
NY Sleepwear,0.0,1.0,0.0,0.0,0.0,0.0,0.0,0.0,0.0
Nankean,0.0,2.0,0.0,0.0,0.0,0.0,0.0,0.0,1.0
Nmoder,0.0,1.0,0.0,0.0,0.0,0.0,0.0,0.0,1.0
ODOLY,0.0,0.0,0.0,0.0,0.0,0.0,0.0,0.0,1.0
OFEEFAN,0.0,0.0,0.0,0.0,0.0,0.0,0.0,0.0,1.0
OIIIO,0.0,0.0,0.0,0.0,0.0,0.0,0.0,0.0,1.0
OYGSieg,0.0,1.0,0.0,0.03333333333333333,0.0,0.0,0.0,0.0,0.7333333333333333
OYOANGLE ONLINE STORE,0.0,0.0,0.0,0.0,0.0,0.0,0.0,0.0,0.2647058823529412
Obtaom shoes,0.0,1.0,0.0,0.0,0.0,0.0,0.0,0.0,0.25
Olidarua-US,0.0,1.0,0.0,0.0,0.0,0.0,0.0,0.0,1.0
Orva Stores,0.0,0.0,0.0,0.0,0.0,0.0,0.0,0.0,1.0
OutdoorVentures,0.0,0.0,0.0,0.0,0.0,0.0,0.0,0.0,1.0
P FENTENG-Shop,0.0,1.0,0.0,0.0,0.0,0.0,0.0,0.0,1.0
PAATM SHIVA,0.0,0.7840531561461794,0.0,0.03211517165005537,0.01107419712070875,0.0,0.0,0.0,0.3289036544850498
PARISDIARY,0.0,1.0,0.0,0.0,0.0,0.0,0.0,0.0,0.3
PRETTYGARDEN,0.0,0.16666666666666666,0.0,0.0,0.0,0.0,0.0,0.0,0.85
"PS Traders, LLC",0.0,1.0,0.0,0.0,0.0,0.0,0.0,0.0,0.1
PURE CHAMP,0.0,2.0,0.0,0.0,0.0,0.0,0.0,0.0,1.0
Pacers Running,0.0,0.0,0.0,0.0,0.0,0.0,0.0,0.0,1.0
Pair of Thieves ...,0.0,1.0,0.0,0.0,0.0,0.0,0.0,0.0,0.15
Paul Jones Clothing,0.0,0.0,0.0,0.0,0.0,0.0,0.0,0.0,0.7
Per Zeal,0.0,0.0,0.0,0.0,0.0,0.0,0.0,0.0,1.0
Pgands Design,0.0,0.0,0.0,0.0,0.0,0.0,0.0,0.0,0.3
Plaid&Plain,0.0,0.0,0.0,0.0,0.0,0.0,0.0,0.0,1.0
Playmakers,0.0,0.0,0.0,0.0,0.0,0.0,0.0,0.0,0.7
Price Point Leader,0.0,1.0,0.0,0.0,0.0,0.0,0.0,0.0,0.2
Pudolla Sports,0.0,0.0,0.0,0.0,0.0,0.0,0.0,0.0,1.0
Puma Kids,0.0,0.0,0.0,0.0,0.0,0.0,0.0,0.0,1.0
Purefly Brand Store,0.0,1.0,0.0,0.0,0.0,0.0,0.0,0.0,0.2
QINSEN,0.0,3.0,0.0,0.0,0.0,0.0,0.0,0.0,0.25
Qekoma,0.0,1.0,0.0,0.18181818181818182,0.0,0.0,0.0,0.0,1.0
Real Essentials,0.0,0.5970149253731343,0.0,0.029850746268656716,0.029850746268656716,0.019402985074626865,0.0,0.0,0.6417910447761194
RebeyDirect,0.0,0.0,0.0,0.0,0.0,0.0,0.0,0.1,0.1
Reputable Distributors,0.0,2.0,0.0,0.0,0.0,0.0,0.0,0.0,0.1
Rugged Outfitters,0.0,1.0,0.0,0.0,0.0,0.0,0.0,0.0,0.4666666666666667
RuzeShoes,0.0,0.0,0.0,0.0,0.0,0.0,0.0,0.0,1.0
SACUIMAN FASHION,0.0,1.0,0.0,0.0,0.0,0.0,0.0,0.0,1.0
SAVKOOV,0.0,0.0,0.0,0.0,0.0,0.0,0.0,0.0,0.0
SECOOD,0.0,2.0,0.0,0.0,0.3333333333333333,0.0,0.0,0.0,1.0
SERNIAL Shoes,0.0,0.0,0.0,0.0,0.1,0.0,0.0,0.0,1.0
SOWTEE,0.0,1.0,0.0,0.0,0.0,0.0,0.0,0.0,1.0
SUNNY PIGGY,0.0,1.0,0.0,0.0,0.0,0.0,0.0,0.0,1.0
SWORNOF,0.0,0.0,0.0,0.0,0.0,0.0,0.0,0.0,1.0
Sailwind,0.0,1.0,0.0,0.0,0.0,0.0,0.0,0.0,1.0
Seven Chakra Tree,0.0,1.0,0.0,0.0,0.2,0.0,0.0,0.0,1.0
Shapermint,0.0,0.0,0.0,0.0,0.0,0.0,0.0,0.0,1.0
Sheplers,0.0,0.0,0.0,0.0,0.0,0.0,0.0,0.0,1.0
ShoeMall,0.0,0.0,0.0,0.0,0.05,0.0,0.0,0.0,0.55
Shree Ganesh- Fashion,0.0,0.0,0.0,0.0,0.0,0.0,0.0,0.0,0.3
SneakerBoyUSA,0.0,0.0,0.0,0.0,0.0,0.0,0.0,0.0,1.0
Soojun limited,0.0,0.0,0.0,0.0,0.0,0.0,0.0,0.0,0.3
Soxx Supply,0.0,0.0,0.0,0.0,0.0,0.0,0.0,0.0,1.0
Springrain Store,0.0,1.0,0.0,0.0,0.0,0.0,0.1,0.0,1.0
Step & Style Collective,0.0,0.0,0.0,0.0,0.0,0.0,0.0,0.0,1.0
SuperiorBrands,0.0,0.42857142857142855,0.0,0.014285714285714285,0.0,0.0,0.0,0.0,0.4857142857142857
TACVASEN,0.0,0.8,0.0,0.02,0.0,0.0,0.0,0.0,0.84
TAIYITONG SHOP,0.0,1.0,0.0,0.0,0.0,0.0,0.0,0.0,1.0
TASAMO,0.0,0.0,0.0,0.0,0.0,0.0,0.0,0.0,1.0
TBMPOY,0.0,0.0,0.0,0.0,0.0,0.0,0.0,0.0,1.0
THE GYM PEOPLE,0.0,0.0,0.0,0.0,0.0,0.0,0.0,0.1,1.0
TIRANGER C,0.0,1.0,0.0,0.0,0.0,0.0,0.0,0.0,0.1
Takshvi_USA,0.0,0.1,0.0,0.2,0.0,0.0,0.0,0.0,0.1
Tegrity Outlets,0.0,0.0,0.0,0.0,0.0,0.0,0.0,0.0,0.1
Terramar Sports Inc,0.0,1.0,0.0,0.0,0.0,0.0,0.0,0.0,1.0
The Best Fast Deals,0.0,0.0,0.0,0.0,0.0,0.0,0.0,0.0,1.0
TheLionGroup,0.0,1.0,0.0,0.0,0.0,0.0,0.0,0.0,0.0
Throop Supply,0.0,0.0,0.0,0.0,0.0,0.0,0.0,0.0,0.1
Timeson,0.0,0.5,0.0,0.0,0.0,0.0,0.0,0.05,1.0
Tobias Direct Store,0.0,0.0,0.0,0.0,0.0,0.0,0.0,0.0,1.0
TopBrands1,0.0,1.0,0.0,0.0,0.0,0.0,0.0,0.0,0.0
TralilbeeUS,0.0,0.0,0.0,0.0,0.0,0.0,0.0,0.0,0.16666666666666666
Trendmalls Industries Pvt Ltd,0.0,0.0,0.0,0.0,0.0,0.0,0.0,0.0,0.1
True Classic,0.0,2.0,0.0,0.0,0.0,0.0,0.18181818181818182,0.0,0.6363636363636364
UNDERWEAR BASICS,0.0,1.0,0.0,0.1,0.0,0.0,0.0,0.0,0.2
US SHANYI,0.0,0.0,0.0,0.0,0.0,0.0,0.0,0.0,1.0
Ultra-Dry,0.0,0.0,0.0,0.0,0.0,0.0,0.0,0.0,1.0
Utopia Deals,0.0,1.0,0.0,0.0,0.0,0.0,0.0,0.0,1.0
VANGOS,0.0,0.0,0.0,0.0,0.0,0.0,0.0,0.0,1.0
VILOCY,0.0,0.0,0.0,0.0,0.0,0.0,0.0,0.0,0.1
VIPONES,0.0,1.0,0.0,0.0,0.0,0.0,0.0,0.0,1.0
VRMI,0.0,0.0,0.0,0.0,0.0,0.0,0.0,0.0,0.4
Voadera,0.0,0.009900990099009901,0.0,0.09900990099009901,0.0,0.0,0.0,0.0,0.09900990099009901
VooVeeYA,0.0,0.0,0.0,0.0,0.0,0.0,0.0,0.0,0.5
WQH-US,0.0,1.0,0.0,0.0,0.0,0.0,0.1,0.0,1.0
WUJISMART,0.0,1.0,0.0,0.0,0.0,0.0,0.0,0.0,1.0
WaltZon,0.0,0.0,0.0,0.1,0.0,0.0,0.0,0.0,0.5
Whitewonders,0.0,1.0,0.0,0.0,0.0,0.0,0.0,0.0,1.0
Wild West Boot Store,0.0,0.0,0.0,0.0,0.0,0.0,0.0,0.0,0.2
Wisdom Gate,0.0,0.0,0.0,0.0,0.0,0.0,0.0,0.0,0.45901639344262296
Wiskicks,0.0,0.0,0.0,0.0,0.0,0.0,0.0,0.0,1.0
Woohoo Mart,0.0,0.0,0.0,0.1,0.0,0.0,0.0,0.0,1.0
XIEERDUO,0.0,0.5,0.0,0.0,0.0,0.0,0.0,0.0,1.0
XZQTIVE BELT,0.0,0.0,0.0,0.0,0.0,0.0,0.0,0.0,1.0
YOUFANNUO,0.0,1.0,0.0,0.0,0.0,0.0,0.0,0.0,1.0
YUCHENGFU,0.0,2.0,0.0,0.0,0.0,0.0,0.0,0.0,1.0
Youyiyi,0.0,1.0,0.0,0.0,0.0,0.0,0.0,0.0,1.0
Yuanlu Inc.,0.0,0.0,0.0,0.0,0.0,0.0,0.0,0.0,1.0
ZACS Direct,0.0,2.0,0.0,0.09090909090909091,0.0,0.0,0.0,0.0,1.0
ZEAGOO,0.0,0.6666666666666666,0.0,0.0,0.0,0.03333333333333333,0.0,0.0,0.7333333333333333
ZENGVEE,0.0,1.0,0.0,0.0,0.0,0.0,0.0,0.0,1.0
ZESICA,0.0,0.0,0.0,0.0,0.05,0.0,0.0,0.0,1.0
ZITY®,0.0,0.5621716287215411,0.0,0.03502626970227671,0.008756567425569177,0.0,0.0,0.0,0.658493870402802
Zanjode-US,0.0,1.0,0.0,0.0,0.0,0.0,0.0,0.0,1.0
Zappos,0.0,0.34210526315789475,0.0,0.0,0.0,0.0,0.0,0.0,0.03289473684210526
Zeeflou,0.0,1.0,0.0,0.0,0.0,0.0,0.0,0.0,1.0
Zhengdaqian,0.0,0.0,0.0,0.1,0.0,0.0,0.0,0.0,0.1
adidas_official,0.0,0.0,0.0,0.0,0.0,0.0,0.0,0.0,0.1
blooming jelly,0.0,0.0,0.0,0.0,0.0,0.0,0.0,0.0,0.75
crazm,0.0,2.0,0.0,0.0,0.0,0.0,0.0,0.0,1.0
honeylove 10-15 days Arrivals,0.0,1.0,0.0,0.0,0.0,0.0,0.0,0.0,1.0
jurunfeng,0.0,0.0,0.0,0.0,0.0,0.0,0.0,0.0,1.0
kinzworth,0.0,0.0,0.0,0.0,0.0,0.0,0.0,0.0,1.0
lionstill,0.0,0.0,0.0,0.0,0.0,0.0,0.0,0.0,1.0
quanzhouhuioumaoyiyouxiangongsi,0.0,0.0,0.0,0.0,0.0,0.0,0.1,0.0,1.0
rapoo,0.0,0.0,0.0,0.0,0.1,0.0,0.0,0.0,1.0
singolake,0.0,0.0,0.0,0.0,0.0,0.0,0.0,0.0,1.0
sunflower1990,0.0,1.0,0.0,0.1,0.0,0.0,0.0,0.0,0.4
topshoesUS,0.0,0.0,0.0,0.0,0.0,0.0,0.0,0.0,0.55
unknown,0.0,0.16073478760045926,0.0,0.013777267508610792,0.011481056257175661,0.0,0.0,0.011481056257175661,0.41561423650975887
usRaphin,0.0,1.0,0.0,0.0,0.0,0.0,0.0,0.0,1.0
wangwangfa,0.0,0.0,0.0,0.0,0.0,0.0,0.0,0.0,1.0
weiweier,0.0,1.0,0.0,0.0,0.0,0.0,0.0,0.0,1.0
weiyimy,0.0,0.0,0.0,0.0,0.0,0.0,0.0,0.0,1.0
